{"cameraMode":{"drawMode":0,"name":"Shaded","section":"Shading Mode"},"sceneLighting":false,"audioPlay":false,"sceneViewState":{"showFog":true,"showMaterialUpdate":false,"showSkybox":false,"showFlares":true,"showImageEffects":true,"showParticleSystems":true},"in2DMode":false,"pivot":{"x":32.822120666503909,"y":1.4530389308929444,"z":36.00535202026367},"rotation":{"x":-0.05606537312269211,"y":-0.7882384657859802,"z":0.07255443185567856,"w":-0.6086829304695129},"size":2.5445566177368166,"orthographic":false}