{"cameraMode":{"drawMode":0,"name":"Shaded","section":"Shading Mode"},"sceneLighting":false,"audioPlay":false,"sceneViewState":{"showFog":true,"showMaterialUpdate":false,"showSkybox":false,"showFlares":true,"showImageEffects":true,"showParticleSystems":true},"in2DMode":false,"pivot":{"x":29.68742561340332,"y":2.130000114440918,"z":26.455360412597658},"rotation":{"x":0.21126513183116914,"y":0.6661562323570252,"z":-0.20307117700576783,"w":0.6862718462944031},"size":1.4120101928710938,"orthographic":false}