{"cameraMode":{"drawMode":0,"name":"Shaded","section":"Shading Mode"},"sceneLighting":false,"audioPlay":false,"sceneViewState":{"showFog":true,"showMaterialUpdate":false,"showSkybox":false,"showFlares":true,"showImageEffects":true,"showParticleSystems":true},"in2DMode":false,"pivot":{"x":71.12999725341797,"y":-0.48000001907348635,"z":19.011524200439454},"rotation":{"x":-0.015825700014829637,"y":0.770055890083313,"z":-0.02040771394968033,"w":-0.6379131078720093},"size":3.3211207389831545,"orthographic":false}