{"cameraMode":{"drawMode":0,"name":"Shaded","section":"Shading Mode"},"sceneLighting":true,"audioPlay":false,"sceneViewState":{"showFog":true,"showMaterialUpdate":false,"showSkybox":true,"showFlares":true,"showImageEffects":true,"showParticleSystems":true},"in2DMode":false,"pivot":{"x":-8.74042797088623,"y":-2.5867950916290285,"z":18.98881721496582},"rotation":{"x":0.29240915179252627,"y":0.6697070002555847,"z":-0.32258474826812746,"w":0.6021620631217957},"size":13.128532409667969,"orthographic":false}